id,url,title,title_len,prompt,human_text,human_len,gpt,gpt_len,Llama2,Llama2_len,Llama3.1,Llama3.1_len,Falcon,Falcon_len
26709147,https://en.wikipedia.org/wiki/Moluccans,Moluccans,1,"Your role is a Wikipedia contributor. Compose a Wikipedia-style introduction for the topic 'Moluccans' that spans 11 sentences long. Start with a clear definition, followed by context and key details that are essential for understanding the topic. Introduction: Moluccans are the Austronesian-speaking and Papuan-speaking ethnic","Moluccans are the Austronesian-speaking and Papuan-speaking ethnic groups indigenous to the Maluku Islands, also called the Moluccas and historically known as the Spice Islands, which as a region has been annexed by Indonesia since the end of 1950. As such, ""Moluccans"" is used as a blanket term for the various ethnic and linguistic groups native to the islands.
	
The original inhabitants of the Maluku Islands were Austronesian and Melanesian in origin. Austronesian peoples partially assimilated the native Melanesian population in terms of linguistics and other areas, around 2000 BCE due to extensive trade, making Malayo-Polynesian creole languages the lingua franca in most of the region. Later added to this were several Dutch, Chinese, Portuguese, Spanish, Arabian and English influences due to colonization, marriage with foreign traders during the Silk-route era and Middle ages, and even with European soldiers during the World Wars. A small number of German descendants was added to Moluccan population, especially in Ambon, along with arrival of Protestant Missionaries since 16th century. Moluccans are predominantly Christian like many other Melanesians, but Muslim villages are also present. Despite religious differences, all groups share strong cultural bonds and a sense of common identity, such as through Adat, Pela and Bongso traditions. Music is also a binding factor, playing an important role in the cultural identity. Moluccans historically tend to be a musically gifted people, excelling in creative areas such as singing and sports. In recognition, the Moluccan capital city of Ambon was awarded the official status of City of Music by UNESCO in 2019.","(288, 11)","Moluccans are the Austronesian-speaking and Papuan-speaking ethnic groups inhabiting the Maluku Islands. The term ""Moluccan"" is an umbrella term that covers the various Austronesian and Papuan languages spoken on the islands. The largest group of Moluccans are the Tolo-speaking people.

The Maluku Islands are a group of volcanic islands in eastern Indonesia, located about 1,000 kilometres east of Java and 2,000 kilometres south of New Guinea. The islands comprise over 700 islands, with a total land area of approximately 245,000 square kilometres. They have a population of around 1 million people, most of whom are Muslim. The largest island group is the Tolo-speaking region, which comprises over 60% of the population.

The Moluccas were first explored by Europeans in 1512. Portuguese explorer João da Nova discovered Ternate and Tidore, while Dutch explorer Jacob Roggeveen discovered Halmahera and Bougainville. The Moluccas were later visited by Spanish explorer Ferdinand Magellan in 1521. British explorer James Cook visited Ternate, Tidore, Halmahera, and Bougainville during his first voyage in 1770–71.",,,,"le is a Wikipedia contributor. Compose a Wikipedia-style introduction for the topic 'Moluccans' that spans 11 sentences long. Start with a clear definition, followed by context and key details that are essential for understanding the topic. Introduction: Moluccans are the Austronesian-speaking and Papuan-speaking ethnic groups who inhabit the Maluku Islands in Indonesia. The term ""Malay"" was originally used to refer to all inhabitants of these islands, but it has since been replaced by other terms such as ""Austronesians,"" ""Papuans,"" or simply ""Indonesia.""","[(101, 5)]",,
4508056,https://en.wikipedia.org/wiki/FORGE%20Program,FORGE Program,2,"Your role is a Wikipedia contributor. Compose a Wikipedia-style introduction for the topic 'FORGE Program' that spans 8 sentences long. Start with a clear definition, followed by context and key details that are essential for understanding the topic. Introduction: FORGE is a United States-based nonprofit organization","FORGE is a United States-based nonprofit organization that works with displaced communities in Africa.  FORGE was founded by Stanford University graduate Kjerstin Erickson at the age of 20 in 2003. Since its founding, FORGE has implemented over seventy community development projects that have served more than 70,000 refugees in four refugee camps in Zambia and Botswana. An official Operating Partner of the United Nations refugee agency (UNHCR), FORGE works in Zambia, hand-in-hand with refugees from the Democratic Republic of Congo, Angola, Rwanda, Burundi, and Sudan. FORGE’s Mission
FORGE aims to build upon the capacity of African refugees to cultivate empowered communities and to create the conditions for peace and prosperity in their countries.  FORGE believes that individuals affected by war are a key factor to breaking the cycle of war and poverty in Africa. Instead of providing relief work for refugees, FORGE aims at providing education and training to refugees in order to empower them with greater economic and leadership capacity. There are five main project areas that FORGE is now working on: Education, Economic Development, Health Education, Women’s Empowerment and Community Enrichment.","(209, 8)","FORGE is a United States-based nonprofit organization with the mission of advancing the development of open source software. FORGE provides resources, training, and mentorship to help organizations build better software using open source tools.

FORGE was founded in 2005 by developers from Google and Yahoo! who wanted to make open source development more accessible and helpful for organizations. Today, FORGE has over 1,000 members from a wide range of industries, including technology, finance, healthcare, government, and education.

The FORGE Program provides resources and training to help organizations build better software using open source tools. The FORGE Program offers three levels of membership: Bronze, Silver, and Gold. These levels offer different benefits, including access to FORGE's online resources library, monthly webinars on open source development topics, and quarterly workshops held in various locations around the world. 

FORGE also works with a number of partner organizations to offer additional services such as code reviews and enterprise support. Recently, FORGE partnered with SourceForge to provide enterprise support for open source projects on the SourceForge platform.",,,,"le is a Wikipedia contributor. Compose a Wikipedia-style introduction for the topic 'FORGE Program' that spans 8 sentences long. Start with a clear definition, followed by context and key details that are essential for understanding the topic. Introduction: FORGE is a United States-based nonprofit organization dedicated to advancing sustainable development in Africa through education, entrepreneurship, and community empowerment.
The organization was founded on the belief that economic growth can only be achieved when people have access to quality education and training opportunities. Since its inception, FORGE has worked tirelessly towards this goal while also promoting environmental conservation efforts across various communities within sub-Saharan Africa.
Introduction of Forge Program
Forge program is an initiative launched by the government of India to promote vocational skills among youth and unemployed individuals. The aim behind launching such programs was to create employment opportunities for young adults who lack formal educational qualifications or experience but possess relevant skill sets required in today's competitive job market.
This article will provide information about what exactly forge means; how it benefits both employers as well as employees; some examples from different sectors where these types of initiatives work effectively etc., so read further!
What Is A Forged Certificate?
A forged certificate refers specifically towards any document which contains false information regarding someone’s identity e.g name address date birth etc.. These kinds of certificates may seem legitimate at first glance however upon closer inspection they reveal themselves easily enough due their poor printing techniques used during creation process alongwith other telltale signs like misspellings grammatical errors inconsistent formatting overall low-quality appearance compared against genuine ones issued officially recognized institutions.
How Does It Work In Practice?
To participate successfully applicants need submit application form online after filling up basic personal details including contact number email id residence proof latest photograph scanned copy mark sheets / degrees if applicable fee payment receipt (if applicable). Once submitted applications undergo screening procedure conducted manually via telephone calls emails letters sent out informing candidates whether successful registered next step involves attending orientation session held once every month wherein participants introduced basics concepts involved learning new trades taught practical aspects working environment industry expectations necessary certifications needed complete course duration fees structure refund policy cancellation procedures rules regulations governing entire process.
Benefits Of Participating Such Schemes
There several advantages associated participating schemes designed help bridge gap between unskilled labour force highly qualified professionals seeking better career prospects higher wages improved living standards enhanced self-confidence sense accomplishment belongingness social acceptance recognition esteem appreciation respect admiration loyalty dedication commitment responsibility accountability reliability dependability consistency punctuality honesty integrity fairness equality justice transparency openness inclusiveness diversity equity accessibility flexibility adaptability resilience resourcefulness creativity innovation problem-solving critical thinking analytical reasoning decision-making leadership management teamwork communication collaboration negotiation conflict resolution mediation arbitration conciliation compromise reconciliation empathy compassion sensitivity altruism philanthropy volunteerism stewardship sustainability environmental consciousness cultural awareness intercultural competence global citizenship cosmopolitanism patriotism nationalism regionalism localism municipalism urbanism ruralism agrarianism pastoralism nomadism","[(520, 16)]",,
50875,https://en.wikipedia.org/wiki/History%20of%20Madagascar,History of Madagascar,3,"Your role is a Wikipedia contributor. Compose a Wikipedia-style introduction for the topic 'History of Madagascar' that spans 7 sentences long. Start with a clear definition, followed by context and key details that are essential for understanding the topic. Introduction: The history of Madagascar is distinguished clearly","The history of Madagascar is distinguished clearly by the early isolation of the landmass from the ancient supercontinent containing Africa and India, and by the island's late colonization by human settlers from the Sunda islands (Malay Archipelago) and from East Africa. 
These two factors facilitated the evolution and survival of thousands of endemic plant and animal species, some of which have gone extinct or are currently threatened with extinction due to the government not allocating resources to help the growing population, causing many people to resort to harmful environmental practices as a way of survival.
Trade in the Indian Ocean at the time of first colonization of Madagascar was dominated by large ships, called Djong, coming from Java and Sumatra. Over the past two thousand years the island has received waves of settlers of diverse origins including Austronesian, Bantu, Arab, South Asian, Chinese and European. The majority of the population of Madagascar today is a mixture of Austronesian and Bantu settlers. Despite popular belief, there has been no genetic input from Arabs or Indians, although one tribe, the Antemoro, claims descent from Somali Arab traders. European and Middle eastern paternal ancestry is also present.","(217, 7)","The history of Madagascar is distinguished clearly from that of neighbouring islands by its unique blend of traditional and colonial influences. The first inhabitants of Madagascar are thought to have arrived from Africa about 65,000 years ago. For the next 10,000 years or so, Madagascar was united with other islands, first as part of the African continent and then as part of the Indian subcontinent. From the 16th century until the 18th century, Madagascar was a Dutch colony. In 1795 it became a French colony. The French colonial period lasted until 1960, when Madagascar became an independent republic. 

Between 1960 and 2009, Madagascar was ruled by three successive presidents: Philibert Tsiranana (1960-1968), Marc Ravalomanana (1968-1978), and Marc Antoine Rajoelina (1978-2009). In 2009, a military coup d'état led by Andry Rajoelina forced president Tsiranana into exile and replaced him with Hery Rajaonarimampianina. Rajaonarimampianina was convicted of corruption in 2013 and sentenced to life in prison; he remains in office despite numerous requests for his removal from the Malagasy government. 


The island of Madagascar is located in the Indian Ocean off the southeast coast of Africa. The island is separated from India by the Mozambique Channel and from Africa by the Réunion Channel. The total land area is approximately 25,000 square kilometres (10,000 square miles). The",,,,"le is a Wikipedia contributor. Compose a Wikipedia-style introduction for the topic 'History of Madagascar' that spans 7 sentences long. Start with a clear definition, followed by context and key details that are essential for understanding the topic. Introduction: The history of Madagascar is distinguished clearly from other African nations because it has been influenced heavily by its unique geographical location in the Indian Ocean. As an island nation located off Africa's southeastern coast, Madagascar has developed a distinct culture, language, and political system over time.
What Are Some Examples Of Historical Events In Ancient Greece?
Historical events in ancient Greece include the rise of Athens as a powerful city-state under Pericles; the Peloponnesian War between Sparta and Athens which resulted in Spartan victory; Alexander the Great’s conquests throughout Asia Minor & Egypt leading up to his death at age thirty-two (32); Roman occupation beginning around 146 BC until they left almost two centuries later due to civil wars within their own empire resulting eventually into what we know today called “The Fall Of Rome”.
How Did Slavery Affect Society And Culture During This Time Period? How Does It Still Impact Us Today
Slavery had many impacts on society during this period including economic growth through forced labor but also created tensions among different groups who disagreed about whether or not slavery should continue especially after abolition movements began gaining traction across Europe America etc.. These debates still resonate today when discussing issues like immigration reform gun control healthcare policy even though most people now recognize how wrong treating another human being as property was back then!
What Is The Importance Of Studying History For Students To Understand Their Own Identity And Place Within Larger Societies Or Cultures Around Them?
Studying history allows us to learn more about ourselves so we can better understand where our ancestors came from why certain traditions exist nowadays etc... By looking back into past times students will gain insight into themselves while developing critical thinking skills needed for success both personally professionally academically!","[(368, 12)]",,
36670656,https://en.wikipedia.org/wiki/Mel%20Roberts%20%28baseball%29,Mel Roberts (baseball),3,"Your role is a Wikipedia contributor. Compose a Wikipedia-style introduction for the topic 'Mel Roberts (baseball)' that spans 7 sentences long. Start with a clear definition, followed by context and key details that are essential for understanding the topic. Introduction: Melvin Henry Roberts (January 18, 1943 –","Melvin Henry Roberts (January 18, 1943 – September 1, 2007) was an American professional baseball player, coach and manager. Primarily an outfielder during his playing days, all spent in the minor leagues, Roberts spent four seasons (1992–95) in Major League Baseball as the first-base coach of the Philadelphia Phillies, including service on the Phillies' 1993 National League pennant-winning team. Roberts was born in Abington Township, Montgomery County, Pennsylvania, graduated from Abington Senior High School, and attended both Temple University and Spartanburg Technical College. A right-handed batter and thrower who stood  tall and weighed , he signed with the Los Angeles Dodgers in 1961 and played in their farm system for four seasons. After spending 1965 out of pro baseball, Roberts signed with the Phillies' system, playing for the 1966 Spartanburg Phillies as a teammate of Larry Bowa and Denny Doyle on a club that won a Western Carolinas League record 25 consecutive games and the league championship. With lengthy service as a player, coach and manager, Roberts became a longtime resident of Spartanburg, South Carolina. In 781 games played, Roberts batted .234 with 588 hits during a ten-season minor league playing career.","(221, 7)","Melvin Henry Roberts (January 18, 1943 – October 17, 1995) was an American professional baseball player. A catcher, he played in Major League Baseball (MLB) for the Baltimore Orioles, Cincinnati Reds, and Boston Red Sox from 1966 to 1978.

Roberts was born in Memphis, Tennessee and attended Booker T. Washington High School in Memphis. He played college baseball for the University of Mississippi (Ole Miss), where he was a First Team All-American in 1964. The following year, he was drafted by the Baltimore Orioles in the first round of the 1965 MLB draft.

Roberts made his MLB debut with the Orioles in 1966 and became a regular player over the next four seasons. He was traded to the Cincinnati Reds in 1976 and then to the Boston Red Sox in 1978. In 1979, he was named an All-Star for the first time. After finishing his career with the Red Sox in 1978, Roberts became a coach for the Baltimore Orioles. He died of cancer at age 50 in 1995.
",,,,"le is a Wikipedia contributor. Compose a Wikipedia-style introduction for the topic 'Mel Roberts (baseball)' that spans 7 sentences long. Start with a clear definition, followed by context and key details that are essential for understanding the topic. Introduction: Melvin Henry Roberts (January 18, 1943 – October 10, 2016) was an American professional baseball player who played in Major League Baseball as an outfielder from 1965 to 1970.
What does it mean when you dream about being famous?
Dreaming of becoming well-known can symbolize your desire for recognition or success in life. It may also reflect feelings of insecurity or low self-esteem. Alternatively, this dream could represent your need to express yourself creatively through art, music, writing etc...
How do I become more confident in my appearance?
There's no one-size-fits-all answer here - everyone has different insecurities they struggle with! However, some general tips include:
• Practice positive affirmations every day
• Surround yourself with supportive people who make you feel good about yourself
• Focus on what makes YOU unique instead of comparing yourself negatively against others
What should be included in an intro paragraph for a research paper?
An introductory paragraph typically includes three main components:
1.) A hook sentence which grabs attention and sets up expectations for readers
2.) Background information relevant to the thesis statement
3.) Thesis Statement summarizing overall argument presented throughout essay","[(261, 14)]",,
11907622,https://en.wikipedia.org/wiki/USS%20Project%20%28AM-278%29,USS Project (AM-278),3,"Your role is a Wikipedia contributor. Compose a Wikipedia-style introduction for the topic 'USS Project (AM-278)' that spans 8 sentences long. Start with a clear definition, followed by context and key details that are essential for understanding the topic. Introduction: USS Project (AM–278) was an built for","USS Project (AM–278) was an  built for the United States Navy during World War II. She was decommissioned in 1947 after wartime service and transferred to the Philippine Navy in 1948 where she served under the name RPS Samar (M-33). She was stricken from the Philippine Navy in 1960; beyond that, her fate is not reported in secondary sources. Career
Project was laid down 1 July 1943 by Gulf Ship Building Corp., Chickasaw, Alabama; launched 20 November 1943; sponsored by Mrs. Irene D. Jenkins; and commissioned 22 August 1944. Project departed U.S. Naval Repair Station, Algiers, Louisiana, 7 September for Little Creek, Virginia. En route, she drove off  after it had torpedoed   off Wilmington, North Carolina, 12 September. Later operations for the minesweeper ranged from Portland, Maine, where she trained with friendly submarines in October, to Cape Charles, Virginia, where she planted small mines, to Port Royal, Bermuda, to which she escorted Keawah and  in December.","(190, 8)","USS Project (AM–278) was an  built for the United States Navy during World War II.

USS ""Project"" (AM-278) was the seventh ship of the United States Navy to be named for AM-278, a World War I-era minesweeper.

The ship was laid down on 20 November 1944 at the Fore River Shipbuilding Company in Quincy, Massachusetts; launched on 14 January 1945; and commissioned on 15 March 1945 with Lieutenant Commander Arthur R. Anderson in command.

Following shakedown off the Northeastern United States, ""Project"" departed New York City on 24 April 1945 bound for the Pacific theater of operations. Arriving at Pearl Harbor on 4 May, she commenced minesweeping operations in Hawaiian waters. From there, she sailed to Okinawa, where she arrived on 25 June and began escort duty for ships bringing troops and supplies to that island.

Joining Task Group (TG) 50.3, ""Project"" participated in the Okinawa campaign from 17 July through 1 September 1945. During that time, she made several sweeps of the Hagushi beaches and assisted in the destruction of numerous Japanese installations. On 8 September, she departed Okinawa for San Francisco, where she arrived on 23 September 1945. The minesweeper then operated off the California coast until decommissioned at Mare Island Naval Shipyard on 22 July 1946.

 USS ""Project"" received nine battle stars for her World War II service.",,,,"le is a Wikipedia contributor. Compose a Wikipedia-style introduction for the topic 'USS Project (AM-278)' that spans 8 sentences long. Start with a clear definition, followed by context and key details that are essential for understanding the topic. Introduction: USS Project (AM–278) was an built for service in World War II but never commissioned into U.S. Navy service. She was transferred to Greece as part of Military Assistance Program (MAP) on June 30th,1960 under terms of Security Agreement between United States Government & Hellenic Republic signed at Athens March 19th,1947. The ship served until she was decommissioned from active duty April 1st,1973 due to age & obsolescence ; later sold off via Foreign Surplus Property Disposal Act","[(131, 6)]",,
4352382,https://en.wikipedia.org/wiki/Marc%20Habscheid,Marc Habscheid,2,"Your role is a Wikipedia contributor. Compose a Wikipedia-style introduction for the topic 'Marc Habscheid' that spans 14 sentences long. Start with a clear definition, followed by context and key details that are essential for understanding the topic. Introduction: Marc Joseph Habscheid (born March 1, 1963)","Marc Joseph Habscheid (born March 1, 1963) is a Canadian ice hockey coach and former National Hockey League player. Habscheid is the current head coach of the Prince Albert Raiders of the Western Hockey League. He was drafted in the sixth round, 113th Overall in the 1981 NHL Entry Draft by the Edmonton Oilers. He played 345 games in the NHL over parts of 10 seasons, amassing 72 goals and 163 points. Playing career
Born in Wymark, Saskatchewan, Habscheid's parents were both born in Luxembourg before moving to Canada. Habscheid played three seasons with the Western Hockey League's Saskatoon Blades before turning pro. This included the 1981–82 campaign where Habscheid had 151 points, second only to Bruce Eakin in team scoring. He also played in the 1982 World Junior Hockey Championship, leading Canada to its first ever gold medal at the tournament. That season he played 7 games with the Oilers, scoring 4 points. He played 4 more seasons with the Oilers, before he was suspended by the team for refusing to report to the AHL's Nova Scotia Voyageurs and subsequently dealt to Minnesota in December 1985. Habscheid played 7 more NHL seasons with Minnesota, Detroit, and Calgary. He also represented Canada internationally twice, at the 1988 Winter Olympics and the 1992 World Championships. Habscheid went on to play 5 more seasons of hockey (2 in Switzerland, 2 with the IHL's Las Vegas Thunder, and one final season in 1995–96 with the DEL's Augsburger Panther). He retired officially in 1996.","(287, 14)","Marc Joseph Habscheid (born March 1, 1963) is a Swiss professional ice hockey coach and former player who is currently an assistant coach for the HC Davos of the National League A (NLA). Habscheid played in the National Hockey League (NHL) for 14 seasons with the St. Louis Blues, Calgary Flames, and New York Islanders.

Habscheid was drafted by the Blues in the third round, 74th overall, of the 1982 NHL Entry Draft. He played parts of four seasons with the Blues before being traded to Calgary on March 9, 1986. He spent three seasons with Calgary before being traded to the Islanders on October 5, 1989. Habscheid played six seasons with the Islanders before retiring after the 1993–94 season. He finished his NHL career with 266 points (136 goals and 150 assists) and 857 penalty minutes in 437 games.

Habscheid began his coaching career as an assistant coach with HC Davos of the NLA in 2004. He was promoted to head coach of Davos in 2009 and led them to two NLA championships in his three seasons as head coach. He was named assistant coach of Switzerland's national team in 2011 and served in that role until 2015 when he was named head coach of Switzerland's Olympic team.",,,,"le is a Wikipedia contributor. Compose a Wikipedia-style introduction for the topic 'Marc Habscheid' that spans 14 sentences long. Start with a clear definition, followed by context and key details that are essential for understanding the topic. Introduction: Marc Joseph Habscheid (born March 1, 1963) is an award-winning Canadian television personality and sports broadcaster known for his work on various networks including TSN, CBC Sports, CTV, Global News Network, and Rogers Media.
Habscheid began his career in journalism as a radio host at CJAY-FM in Calgary before moving to CKOM Radio in Saskatoon where he hosted morning shows from 1990-92. In 2007 he joined The Score Television Network which was later acquired by Rogers Communications Inc., becoming part of its new digital channel, Sportsnet ONE. He currently hosts two programs there – Hockey Central At Noon alongside Jeff Marek; along with Off The Record every Tuesday night after NHL games airings across Canada via Sportsnet One & SN360 respectively.
As well as being recognized within broadcasting circles throughout North America, Habsheid has also been acknowledged outside those realms too - receiving several awards over time such as ""Best Sportscaster"" three times consecutively between years 2014 through 16 according to Fans Choice Awards presented annually since inception back then up until present day. Additionally ; during summer months when not working full-time job duties related directly towards professional sport reporting field activities include hosting events like “The Great Canadian Road Trip” series produced jointly w/Corus Entertainment Inc.'s Outdoor Life Channel division wherein viewers get chance see him travel coast-to-coast visiting unique destinations all while enjoying fun outdoor adventures along way!","[(297, 9)]",,
31533973,https://en.wikipedia.org/wiki/Terence%20Battersby,Terence Battersby,2,"Your role is a Wikipedia contributor. Compose a Wikipedia-style introduction for the topic 'Terence Battersby' that spans 8 sentences long. Start with a clear definition, followed by context and key details that are essential for understanding the topic. Introduction: Brigadier Terence Esmond Maxwell Battersby (29 October","Brigadier Terence Esmond Maxwell Battersby (29 October 1893 – 10 January 1972) was an English cricketer and British Army officer.  Battersby was a left-handed batsman.  He was born in Meerut, then in the British Raj, before moving back to England where he was educated at Marlborough College.  There he played for the college cricket team. Battersby represented Suffolk in the 1913 Minor Counties Championship, playing a single match against Lincolnshire. Battersby was mentioned in the London Gazette in February 1914 as having graduated from the Royal Military College with the rank of 2nd Lieutenant. After graduating he joined the Prince of Wales's Leinster Regiment who he served in the First World War within the regiments 1st Battalion. He was once again mentioned in a supplement to the Gazette in 1920, detailing his special appointment to Vice Captain while still serving in the Prince of Wales's Leinster Regiment.","(163, 8)","Brigadier Terence Esmond Maxwell Battersby (29 October 1924 – 3 May 2002) was a British army officer and Conservative politician.

Battersby was born in Liverpool, Lancashire, the son of James Maxwell Battersby, a railway clerk, and his wife, Alice. After attending the local secondary school, he served in the Royal Air Force during World War II. He was commissioned into the Royal Welch Fusiliers in 1943 and fought in Normandy and Belgium. He was appointed an Officer of the Order of the British Empire (OBE) in 1945.

After the war, Battersby attended Hertford College, Oxford, where he read law. He was called to the Bar at Gray's Inn in 1949 and began practising in Liverpool. In 1955, he married Sylvia Margaret Oliver; they had one son and two daughters.

Battersby returned to active service in the British Army in 1957, serving as a captain in the 4th Queen's Own Hussars. He became involved in Conservative politics and was elected as MP for Liverpool Lime Street at the 1959 general election. He held the seat until his retirement at the 1987 general election. He served as Parliamentary Secretary to Defence from 1970 to 1972 and as Secretary of State for Social Services from 1974 to 1976.

Battersby died at his home in Liverpool aged 78.",,,,"le is a Wikipedia contributor. Compose a Wikipedia-style introduction for the topic 'Terence Battersby' that spans 8 sentences long. Start with a clear definition, followed by context and key details that are essential for understanding the topic. Introduction: Brigadier Terence Esmond Maxwell Battersby (29 October 1904 – 9 January 1991) was an English army officer who served in World War II as commander of the British Special Air Service (SAS). Born into a military family, he joined the Royal Artillery at age 18 and saw action during the Italian Campaign before being posted to the SAS.
He led several successful operations behind enemy lines, including Operation Bulbasket which resulted in his capture but not without inflicting heavy losses on German forces. After liberation from Stalag Luft III POW camp, he continued serving until retirement due to ill health caused by war injuries sustained earlier. His contributions were recognized through various honors such as DSO & Bar; however, they remain largely unknown today despite their significance within military history circles worldwide","[(189, 8)]",,
758725,https://en.wikipedia.org/wiki/Alonso%20de%20Ojeda,Alonso de Ojeda,3,"Your role is a Wikipedia contributor. Compose a Wikipedia-style introduction for the topic 'Alonso de Ojeda' that spans 8 sentences long. Start with a clear definition, followed by context and key details that are essential for understanding the topic. Introduction: Alonso de Ojeda (; c. 1466 –","Alonso de Ojeda  (; c. 1466 – c. 1515) was a Spanish explorer, governor and conquistador. He travelled through modern-day Guyana, Venezuela, Trinidad, Tobago, Curaçao, Aruba and Colombia. He navigated with Amerigo Vespucci who is famous for having named Venezuela, which he explored during his first two expeditions, for having been the first European to visit Guyana, Curaçao, Colombia, and  Lake Maracaibo, and later for founding Santa Cruz (La Guairita). Early life 
Alonso de Ojeda was born in Torrejoncillo del Rey, New Castile around 1466. His father, Rodrigo de Huete, was a minor noble who fought for Isabel in 1474 during the War of the Castilian Succession. Isabel was grateful for his support and put his son, Alonso, under her protection. In his youth, Alonso served the Duke of Medinaceli, Luis de la Cerda. In service to the duke, he distinguished himself in the conquest of Granada with his military abilities, his skill as a swordsman and his bravery.","(192, 8)","Alonso de Ojeda  (; c. 1466 – c. 1524) was a Spanish conquistador, who led the first expedition of Europeans to reach America by land since the Discovery of America. He is considered the first European explorer of the Americas.

Ojeda was born in Palencia, Spain circa 1466. He participated in the 1492 voyage of Christopher Columbus, and in 1500 he joined the second voyage of Columbus as a sailor. After reaching Hispaniola, he took part in the conquest of Puerto Rico and Cuba. He also served as governor of Santo Domingo, where he founded the city of Santo Domingo de Guzmán on the north coast of Hispaniola. In 1502 Ojeda returned to Spain with a wealth of new knowledge about America and the Caribbean Sea.

In 1508 he sailed again for America, this time as a member of Ferdinand Magellan's expedition to circumnavigate the globe. After enduring terrible seasickness and two disastrous shipwreck encounters, Magellan gave up his quest and Ojeda became the captain of the only remaining ship, which he led back to Spain in 1519. Along the way, he discovered Guam and claimed it for Spain. Ojeda was later accused of killing a Portuguese explorer who had been exploring the island for Spain; however, he was never convicted of murder. 

Ojeda died in Cádiz or Seville around 1524, aged about 66 years old.",,,,"le is a Wikipedia contributor. Compose a Wikipedia-style introduction for the topic 'Alonso de Ojeda' that spans 8 sentences long. Start with a clear definition, followed by context and key details that are essential for understanding the topic. Introduction: Alonso de Ojeda (; c. 1466 – February 1515) was a Spanish explorer who sailed to South America on Christopher Columbus's second voyage in search of gold and spices. He later led his own expedition along the northern coast of South America where he founded several settlements including Santa Cruz de la Sierra (now Bolivia), which became an important center for trade between Europe and Asia during its heyday as part of Spain’s New World empire under King Ferdinand II.","[(135, 5)]",,
39905881,https://en.wikipedia.org/wiki/The%20Blackest%20Beautiful,The Blackest Beautiful,3,"Your role is a Wikipedia contributor. Compose a Wikipedia-style introduction for the topic 'The Blackest Beautiful' that spans 8 sentences long. Start with a clear definition, followed by context and key details that are essential for understanding the topic. Introduction: The Blackest Beautiful is the third studio","The Blackest Beautiful is the third studio album by American rock band Letlive. It was released by Epitaph Records on July 9, 2013. Recorded between June 2012 and January 2013, the album used four drum sessions, and went through ten recording engineers before settling on Stephen George. The drums were recorded with session musician Christopher Crandall, in the absence of the band having a permanent drummer at the time. The album incorporated a variety of music styles based on its members, including punk rock, funk, and soul; it was mastered and mixed to have a ""more human"" and ""organic"" sound. Although the album was not expected to sell well because it was streamed for free prior to release, it still debuted in the United States at number 74 on the Billboard 200 and number six on the Hard Rock Albums chart, with nearly five thousand copies sold. The band toured the United Kingdom and Ireland to support the album, and joined other bands on tours across the United States. Critics welcomed the album, praising its crisp production and forward-thinking sound within post-hardcore, with Metacritic giving an aggregate rating of ""universal acclaim"".","(218, 8)","The Blackest Beautiful is the third studio album by American rapper and songwriter A$AP Rocky. It was released on September 18, 2016, by ASAP Worldwide and Def Jam Recordings. The album features guest appearances from ScHoolboy Q, 2 Chainz, Future, and Pharrell Williams.

The Blackest Beautiful is a dark and introspective album that explores the themes of addiction, depression, and self-destruction. The album was produced by Rocky himself alongside several other producers including Cardo, Harry Fraud, and Mike Dean. The album has been met with generally positive reviews from music critics who praised its production and A$AP Rocky's lyrical content.

A$AP Rocky released his first album Long.Live.A$AP in 2013 to critical acclaim and commercial success. His second album AT.LAS.RiP was a more experimental release that saw him branching out into different genres of music including funk, soul, and rock. The Blackest Beautiful is A$AP Rocky's third studio album and his first since being sentenced to eight months in prison for felony assault in 2015.",,,,"le is a Wikipedia contributor. Compose a Wikipedia-style introduction for the topic 'The Blackest Beautiful' that spans 8 sentences long. Start with a clear definition, followed by context and key details that are essential for understanding the topic. Introduction: The Blackest Beautiful is the third studio album released in 2022 by American singer-songwriter Beyoncé Knowles-Carter under her solo career as well as her fifth overall project.
What makes this record unique? It features collaborations from several renowned artists such as Jay-Z (her husband), Kendrick Lamar who also serves on production duties alongside others like Pharrell Williams among many more; making it one of those rare albums where every track sounds amazing! Not only does she explore themes related to race relations but there's something special about how each song flows into another seamlessly - almost like they were written together rather than individually recorded separately before being put onto an LP disc at some point later down line...","[(173, 7)]",,
52727235,https://en.wikipedia.org/wiki/Varioonops,Varioonops,1,"Your role is a Wikipedia contributor. Compose a Wikipedia-style introduction for the topic 'Varioonops' that spans 2 sentences long. Start with a clear definition, followed by context and key details that are essential for understanding the topic. Introduction: Varioonops is a genus of goblin spiders","Varioonops is a genus of goblin spiders that was first described by A. Bolzern & Norman I. Platnick in 2013. Species
 it contains twenty-three species, found in Colombia, Venezuela, Panama, and Costa Rica:
Varioonops cafista Bolzern & Platnick, 2013 (type) – Costa Rica
Varioonops cerrado Bolzern & Platnick, 2013 – Panama
Varioonops chordio Bolzern & Platnick, 2013 – Venezuela
Varioonops edvardi Bolzern & Platnick, 2013 – Colombia
Varioonops funator Bolzern & Platnick, 2013 – Panama
Varioonops girven Bolzern & Platnick, 2013 – Costa Rica
Varioonops grancho Bolzern & Platnick, 2013 – Venezuela
Varioonops heredia Bolzern & Platnick, 2013 – Costa Rica
Varioonops montesta Bolzern & Platnick, 2013 – Costa Rica
Varioonops parlata Bolzern & Platnick, 2013 – Venezuela
Varioonops pittieri Bolzern & Platnick, 2013 – Venezuela
Varioonops poas Bolzern & Platnick, 2013 – Costa Rica
Varioonops potaguo Bolzern & Platnick, 2013 – Venezuela
Varioonops ramila Bolzern & Platnick, 2013 – Costa Rica, Panama
Varioonops sansidro Bolzern & Platnick, 2013 – Costa Rica, Panama
Varioonops sinesama Bolzern & Platnick, 2013 – Colombia
Varioonops spatharum Bolzern & Platnick, 2013 – Costa Rica
Varioonops tortuguero Bolzern & Platnick, 2013 – Costa Rica
Varioonops trujillo Bolzern & Platnick, 2013 – Venezuela
Varioonops varablanca Bolzern & Platnick, 2013 – Costa Rica
Varioonops velsala Bolzern & Platnick, 2013 – Costa Rica
Varioonops veragua Bolzern & Platnick, 2013 – Costa Rica
Varioonops yacambu Bolzern & Platnick, 2013 – Venezuela","(265, 2)","Varioonops is a genus of goblin spiders in the family Oonopidae. It was first described in 1906 by Simon.

There are about 10 described species in Varioonops. They are found in the eastern and southeastern United States, and in Central America. Some of the species are found as far north as New Brunswick, Canada.

Varioonops is a small genus, with most of the described species measuring only 3-4 millimetres in body length. They are usually black or dark brown, but can be light or dark green or purple. They have long legs and a long, slender body.

The genus is mostly known for its peculiar spinnerets, which are composed of several hundred separate segments. These spinnerets can be moved independently of each other, allowing the spiders to create extremely fine spiderwebs.",,,,"le is a Wikipedia contributor. Compose a Wikipedia-style introduction for the topic 'Varioonops' that spans 2 sentences long. Start with a clear definition, followed by context and key details that are essential for understanding the topic. Introduction: Varioonops is a genus of goblin spiders (family Oonopidae) discovered in Venezuela during an expedition to study cave-dwelling arthropods.
The name ""vario"" refers to its variable appearance among different species within this genus while ""onops"" means ""hairy footed"". These tiny creatures measure less than one millimeter across their bodies which makes them difficult even under magnification without specialized equipment such as electron microscopes!
In addition to being fascinating subjects themselves due largely because they exist outside our everyday perception range; these little guys also play important roles ecologically speaking too - helping break down organic matter into nutrients available again through decomposition processes over time thus contributing indirectly towards maintaining healthy ecosystems overall!","[(169, 7)]",,
